{"data": {"726GS202920APRFUT": {"instrument_type": "FUT", "tick_size": 0.0025, "name": "726GS2029", "exchange": "CDS", "last_price": 0.0, "expiry": "2020-04-30", "tradingsymbol": "726GS202920APRFUT", "lot_size": 1, "instrument_token": 275459, "strike": 0.0, "segment": "CDS-FUT", "exchange_token": "1076"}, "EURINR20OCTFUT": {"instrument_type": "FUT", "tick_size": 0.0025, "name": "EURINR", "exchange": "CDS", "last_price": 0.0, "expiry": "2020-10-27", "tradingsymbol": "EURINR20OCTFUT", "lot_size": 1, "instrument_token": 278019, "strike": 0.0, "segment": "CDS-FUT", "exchange_token": "1086"}, "645GS202920SEPFUT": {"instrument_type": "FUT", "tick_size": 0.0025, "name": "645GS2029", "exchange": "CDS", "last_price": 0.0, "expiry": "2020-09-24", "tradingsymbol": "645GS202920SEPFUT", "lot_size": 1, "instrument_token": 280835, "strike": 0.0, "segment": "CDS-FUT", "exchange_token": "1097"}, "727GS202620FEBFUT": {"instrument_type": "FUT", "tick_size": 0.0025, "name": "727GS2026", "exchange": "CDS", "last_price": 0.0, "expiry": "2020-02-27", "tradingsymbol": "727GS202620FEBFUT", "lot_size": 1, "instrument_token": 263939, "strike": 0.0, "segment": "CDS-FUT", "exchange_token": "1031"}, "727GS202620MARFUT": {"instrument_type": "FUT", "tick_size": 0.0025, "name": "727GS2026", "exchange": "CDS", "last_price": 0.0, "expiry": "2020-03-26", "tradingsymbol": "727GS202620MARFUT", "lot_size": 1, "instrument_token": 287747, "strike": 0.0, "segment": "CDS-FUT", "exchange_token": "1124"}, "727GS202620DECFUT": {"instrument_type": "FUT", "tick_size": 0.0025, "name": "727GS2026", "exchange": "CDS", "last_price": 0.0, "expiry": "2020-12-31", "tradingsymbol": "727GS202620DECFUT", "lot_size": 1, "instrument_token": 383747, "strike": 0.0, "segment": "CDS-FUT", "exchange_token": "1499"}, "645GS202920JUNFUT": {"instrument_type": "FUT", "tick_size": 0.0025, "name": "645GS2029", "exchange": "CDS", "last_price": 0.0, "expiry": "2020-06-25", "tradingsymbol": "645GS202920JUNFUT", "lot_size": 1, "instrument_token": 280579, "strike": 0.0, "segment": "CDS-FUT", "exchange_token": "1096"}, "JPYINR20SEPFUT": {"instrument_type": "FUT", "tick_size": 0.0025, "name": "JPYINR", "exchange": "CDS", "last_price": 0.0, "expiry": "2020-09-28", "tradingsymbol": "JPYINR20SEPFUT", "lot_size": 1, "instrument_token": 507907, "strike": 0.0, "segment": "CDS-FUT", "exchange_token": "1984"}, "795GS203220APRFUT": {"instrument_type": "FUT", "tick_size": 0.0025, "name": "795GS2032", "exchange": "CDS", "last_price": 0.0, "expiry": "2020-04-30", "tradingsymbol": "795GS203220APRFUT", "lot_size": 1, "instrument_token": 278531, "strike": 0.0, "segment": "CDS-FUT", "exchange_token": "1088"}, "EURINR20NOVFUT": {"instrument_type": "FUT", "tick_size": 0.0025, "name": "EURINR", "exchange": "CDS", "last_price": 0.0, "expiry": "2020-11-25", "tradingsymbol": "EURINR20NOVFUT", "lot_size": 1, "instrument_token": 288771, "strike": 0.0, "segment": "CDS-FUT", "exchange_token": "1128"}, "645GS202920DECFUT": {"instrument_type": "FUT", "tick_size": 0.0025, "name": "645GS2029", "exchange": "CDS", "last_price": 0.0, "expiry": "2020-12-31", "tradingsymbol": "645GS202920DECFUT", "lot_size": 1, "instrument_token": 383235, "strike": 0.0, "segment": "CDS-FUT", "exchange_token": "1497"}, "GBPINR20DECFUT": {"instrument_type": "FUT", "tick_size": 0.0025, "name": "GBPINR", "exchange": "CDS", "last_price": 0.0, "expiry": "2020-12-29", "tradingsymbol": "GBPINR20DECFUT", "lot_size": 1, "instrument_token": 377859, "strike": 0.0, "segment": "CDS-FUT", "exchange_token": "1476"}, "USDINR20FEBFUT": {"instrument_type": "FUT", "tick_size": 0.0025, "name": "USDINR", "exchange": "CDS", "last_price": 0.0, "expiry": "2020-02-26", "tradingsymbol": "USDINR20FEBFUT", "lot_size": 1, "instrument_token": 917251, "strike": 0.0, "segment": "CDS-FUT", "exchange_token": "3583"}, "645GS202920MARFUT": {"instrument_type": "FUT", "tick_size": 0.0025, "name": "645GS2029", "exchange": "CDS", "last_price": 0.0, "expiry": "2020-03-26", "tradingsymbol": "645GS202920MARFUT", "lot_size": 1, "instrument_token": 269315, "strike": 0.0, "segment": "CDS-FUT", "exchange_token": "1052"}, "795GS203220SEPFUT": {"instrument_type": "FUT", "tick_size": 0.0025, "name": "795GS2032", "exchange": "CDS", "last_price": 0.0, "expiry": "2020-09-24", "tradingsymbol": "795GS203220SEPFUT", "lot_size": 1, "instrument_token": 1585411, "strike": 0.0, "segment": "CDS-FUT", "exchange_token": "6193"}, "668GS203120FEBFUT": {"instrument_type": "FUT", "tick_size": 0.0025, "name": "668GS2031", "exchange": "CDS", "last_price": 0.0, "expiry": "2020-02-27", "tradingsymbol": "668GS203120FEBFUT", "lot_size": 1, "instrument_token": 258819, "strike": 0.0, "segment": "CDS-FUT", "exchange_token": "1011"}, "757GS203320APRFUT": {"instrument_type": "FUT", "tick_size": 0.0025, "name": "757GS2033", "exchange": "CDS", "last_price": 0.0, "expiry": "2020-04-30", "tradingsymbol": "757GS203320APRFUT", "lot_size": 1, "instrument_token": 277507, "strike": 0.0, "segment": "CDS-FUT", "exchange_token": "1084"}, "JPYINR20APRFUT": {"instrument_type": "FUT", "tick_size": 0.0025, "name": "JPYINR", "exchange": "CDS", "last_price": 0.0, "expiry": "2020-04-28", "tradingsymbol": "JPYINR20APRFUT", "lot_size": 1, "instrument_token": 311811, "strike": 0.0, "segment": "CDS-FUT", "exchange_token": "1218"}, "JPYINR20NOVFUT": {"instrument_type": "FUT", "tick_size": 0.0025, "name": "JPYINR", "exchange": "CDS", "last_price": 0.0, "expiry": "2020-11-25", "tradingsymbol": "JPYINR20NOVFUT", "lot_size": 1, "instrument_token": 780547, "strike": 0.0, "segment": "CDS-FUT", "exchange_token": "3049"}, "668GS203120JUNFUT": {"instrument_type": "FUT", "tick_size": 0.0025, "name": "668GS2031", "exchange": "CDS", "last_price": 0.0, "expiry": "2020-06-25", "tradingsymbol": "668GS203120JUNFUT", "lot_size": 1, "instrument_token": 257027, "strike": 0.0, "segment": "CDS-FUT", "exchange_token": "1004"}, "GBPINR20AUGFUT": {"instrument_type": "FUT", "tick_size": 0.0025, "name": "GBPINR", "exchange": "CDS", "last_price": 0.0, "expiry": "2020-08-27", "tradingsymbol": "GBPINR20AUGFUT", "lot_size": 1, "instrument_token": 1075971, "strike": 0.0, "segment": "CDS-FUT", "exchange_token": "4203"}, "USDINR20OCTFUT": {"instrument_type": "FUT", "tick_size": 0.0025, "name": "USDINR", "exchange": "CDS", "last_price": 0.0, "expiry": "2020-10-27", "tradingsymbol": "USDINR20OCTFUT", "lot_size": 1, "instrument_token": 690691, "strike": 0.0, "segment": "CDS-FUT", "exchange_token": "2698"}, "91DTB20APRFUT": {"instrument_type": "FUT", "tick_size": 0.0025, "name": "91DTB", "exchange": "CDS", "last_price": 0.0, "expiry": "2020-04-29", "tradingsymbol": "91DTB20APRFUT", "lot_size": 1, "instrument_token": 479235, "strike": 0.0, "segment": "CDS-FUT", "exchange_token": "1872"}, "USDINR21JANFUT": {"instrument_type": "FUT", "tick_size": 0.0025, "name": "USDINR", "exchange": "CDS", "last_price": 0.0, "expiry": "2021-01-27", "tradingsymbol": "USDINR21JANFUT", "lot_size": 1, "instrument_token": 464387, "strike": 0.0, "segment": "CDS-FUT", "exchange_token": "1814"}, "757GS203320SEPFUT": {"instrument_type": "FUT", "tick_size": 0.0025, "name": "757GS2033", "exchange": "CDS", "last_price": 0.0, "expiry": "2020-09-24", "tradingsymbol": "757GS203320SEPFUT", "lot_size": 1, "instrument_token": 713731, "strike": 0.0, "segment": "CDS-FUT", "exchange_token": "2788"}, "JPYINR20JULFUT": {"instrument_type": "FUT", "tick_size": 0.0025, "name": "JPYINR", "exchange": "CDS", "last_price": 0.0, "expiry": "2020-07-29", "tradingsymbol": "JPYINR20JULFUT", "lot_size": 1, "instrument_token": 698371, "strike": 0.0, "segment": "CDS-FUT", "exchange_token": "2728"}, "EURINR20JUNFUT": {"instrument_type": "FUT", "tick_size": 0.0025, "name": "EURINR", "exchange": "CDS", "last_price": 0.0, "expiry": "2020-06-26", "tradingsymbol": "EURINR20JUNFUT", "lot_size": 1, "instrument_token": 304899, "strike": 0.0, "segment": "CDS-FUT", "exchange_token": "1191"}, "GBPINR20NOVFUT": {"instrument_type": "FUT", "tick_size": 0.0025, "name": "GBPINR", "exchange": "CDS", "last_price": 0.0, "expiry": "2020-11-25", "tradingsymbol": "GBPINR20NOVFUT", "lot_size": 1, "instrument_token": 289539, "strike": 0.0, "segment": "CDS-FUT", "exchange_token": "1131"}, "EURINR20AUGFUT": {"instrument_type": "FUT", "tick_size": 0.0025, "name": "EURINR", "exchange": "CDS", "last_price": 0.0, "expiry": "2020-08-27", "tradingsymbol": "EURINR20AUGFUT", "lot_size": 1, "instrument_token": 1074947, "strike": 0.0, "segment": "CDS-FUT", "exchange_token": "4199"}, "EURINR20DECFUT": {"instrument_type": "FUT", "tick_size": 0.0025, "name": "EURINR", "exchange": "CDS", "last_price": 0.0, "expiry": "2020-12-29", "tradingsymbol": "EURINR20DECFUT", "lot_size": 1, "instrument_token": 307203, "strike": 0.0, "segment": "CDS-FUT", "exchange_token": "1200"}, "726GS202920MARFUT": {"instrument_type": "FUT", "tick_size": 0.0025, "name": "726GS2029", "exchange": "CDS", "last_price": 0.0, "expiry": "2020-03-26", "tradingsymbol": "726GS202920MARFUT", "lot_size": 1, "instrument_token": 259587, "strike": 0.0, "segment": "CDS-FUT", "exchange_token": "1014"}, "JPYINR20OCTFUT": {"instrument_type": "FUT", "tick_size": 0.0025, "name": "JPYINR", "exchange": "CDS", "last_price": 0.0, "expiry": "2020-10-27", "tradingsymbol": "JPYINR20OCTFUT", "lot_size": 1, "instrument_token": 690435, "strike": 0.0, "segment": "CDS-FUT", "exchange_token": "2697"}, "757GS203320JUNFUT": {"instrument_type": "FUT", "tick_size": 0.0025, "name": "757GS2033", "exchange": "CDS", "last_price": 0.0, "expiry": "2020-06-25", "tradingsymbol": "757GS203320JUNFUT", "lot_size": 1, "instrument_token": 713475, "strike": 0.0, "segment": "CDS-FUT", "exchange_token": "2787"}, "GBPINR20JUNFUT": {"instrument_type": "FUT", "tick_size": 0.0025, "name": "GBPINR", "exchange": "CDS", "last_price": 0.0, "expiry": "2020-06-26", "tradingsymbol": "GBPINR20JUNFUT", "lot_size": 1, "instrument_token": 305923, "strike": 0.0, "segment": "CDS-FUT", "exchange_token": "1195"}, "USDINR20SEPFUT": {"instrument_type": "FUT", "tick_size": 0.0025, "name": "USDINR", "exchange": "CDS", "last_price": 0.0, "expiry": "2020-09-28", "tradingsymbol": "USDINR20SEPFUT", "lot_size": 1, "instrument_token": 508163, "strike": 0.0, "segment": "CDS-FUT", "exchange_token": "1985"}, "EURINR21JANFUT": {"instrument_type": "FUT", "tick_size": 0.0025, "name": "EURINR", "exchange": "CDS", "last_price": 0.0, "expiry": "2021-01-27", "tradingsymbol": "EURINR21JANFUT", "lot_size": 1, "instrument_token": 416515, "strike": 0.0, "segment": "CDS-FUT", "exchange_token": "1627"}, "795GS203220DECFUT": {"instrument_type": "FUT", "tick_size": 0.0025, "name": "795GS2032", "exchange": "CDS", "last_price": 0.0, "expiry": "2020-12-31", "tradingsymbol": "795GS203220DECFUT", "lot_size": 1, "instrument_token": 384259, "strike": 0.0, "segment": "CDS-FUT", "exchange_token": "1501"}, "795GS203220MARFUT": {"instrument_type": "FUT", "tick_size": 0.0025, "name": "795GS2032", "exchange": "CDS", "last_price": 0.0, "expiry": "2020-03-26", "tradingsymbol": "795GS203220MARFUT", "lot_size": 1, "instrument_token": 260355, "strike": 0.0, "segment": "CDS-FUT", "exchange_token": "1017"}, "726GS202920SEPFUT": {"instrument_type": "FUT", "tick_size": 0.0025, "name": "726GS2029", "exchange": "CDS", "last_price": 0.0, "expiry": "2020-09-24", "tradingsymbol": "726GS202920SEPFUT", "lot_size": 1, "instrument_token": 390147, "strike": 0.0, "segment": "CDS-FUT", "exchange_token": "1524"}, "ONMIBOR20APRFUT": {"instrument_type": "FUT", "tick_size": 0.0025, "name": "ONMIBOR", "exchange": "CDS", "last_price": 0.0, "expiry": "2020-04-30", "tradingsymbol": "ONMIBOR20APRFUT", "lot_size": 1, "instrument_token": 279299, "strike": 0.0, "segment": "CDS-FUT", "exchange_token": "1091"}, "795GS203220JUNFUT": {"instrument_type": "FUT", "tick_size": 0.0025, "name": "795GS2032", "exchange": "CDS", "last_price": 0.0, "expiry": "2020-06-25", "tradingsymbol": "795GS203220JUNFUT", "lot_size": 1, "instrument_token": 261379, "strike": 0.0, "segment": "CDS-FUT", "exchange_token": "1021"}, "727GS202620SEPFUT": {"instrument_type": "FUT", "tick_size": 0.0025, "name": "727GS2026", "exchange": "CDS", "last_price": 0.0, "expiry": "2020-09-24", "tradingsymbol": "727GS202620SEPFUT", "lot_size": 1, "instrument_token": 522755, "strike": 0.0, "segment": "CDS-FUT", "exchange_token": "2042"}, "EURINR20FEBFUT": {"instrument_type": "FUT", "tick_size": 0.0025, "name": "EURINR", "exchange": "CDS", "last_price": 0.0, "expiry": "2020-02-26", "tradingsymbol": "EURINR20FEBFUT", "lot_size": 1, "instrument_token": 321539, "strike": 0.0, "segment": "CDS-FUT", "exchange_token": "1256"}, "726GS202920DECFUT": {"instrument_type": "FUT", "tick_size": 0.0025, "name": "726GS2029", "exchange": "CDS", "last_price": 0.0, "expiry": "2020-12-31", "tradingsymbol": "726GS202920DECFUT", "lot_size": 1, "instrument_token": 383491, "strike": 0.0, "segment": "CDS-FUT", "exchange_token": "1498"}, "GBPINR21JANFUT": {"instrument_type": "FUT", "tick_size": 0.0025, "name": "GBPINR", "exchange": "CDS", "last_price": 0.0, "expiry": "2021-01-27", "tradingsymbol": "GBPINR21JANFUT", "lot_size": 1, "instrument_token": 437251, "strike": 0.0, "segment": "CDS-FUT", "exchange_token": "1708"}, "USDINR20JUNFUT": {"instrument_type": "FUT", "tick_size": 0.0025, "name": "USDINR", "exchange": "CDS", "last_price": 0.0, "expiry": "2020-06-26", "tradingsymbol": "USDINR20JUNFUT", "lot_size": 1, "instrument_token": 306691, "strike": 0.0, "segment": "CDS-FUT", "exchange_token": "1198"}, "GBPINR20OCTFUT": {"instrument_type": "FUT", "tick_size": 0.0025, "name": "GBPINR", "exchange": "CDS", "last_price": 0.0, "expiry": "2020-10-27", "tradingsymbol": "GBPINR20OCTFUT", "lot_size": 1, "instrument_token": 490755, "strike": 0.0, "segment": "CDS-FUT", "exchange_token": "1917"}, "GBPINR20APRFUT": {"instrument_type": "FUT", "tick_size": 0.0025, "name": "GBPINR", "exchange": "CDS", "last_price": 0.0, "expiry": "2020-04-28", "tradingsymbol": "GBPINR20APRFUT", "lot_size": 1, "instrument_token": 311043, "strike": 0.0, "segment": "CDS-FUT", "exchange_token": "1215"}, "USDINR20MAYFUT": {"instrument_type": "FUT", "tick_size": 0.0025, "name": "USDINR", "exchange": "CDS", "last_price": 0.0, "expiry": "2020-05-27", "tradingsymbol": "USDINR20MAYFUT", "lot_size": 1, "instrument_token": 700419, "strike": 0.0, "segment": "CDS-FUT", "exchange_token": "2736"}, "757GS203320FEBFUT": {"instrument_type": "FUT", "tick_size": 0.0025, "name": "757GS2033", "exchange": "CDS", "last_price": 0.0, "expiry": "2020-02-27", "tradingsymbol": "757GS203320FEBFUT", "lot_size": 1, "instrument_token": 264195, "strike": 0.0, "segment": "CDS-FUT", "exchange_token": "1032"}, "GBPINR20MARFUT": {"instrument_type": "FUT", "tick_size": 0.0025, "name": "GBPINR", "exchange": "CDS", "last_price": 0.0, "expiry": "2020-03-27", "tradingsymbol": "GBPINR20MARFUT", "lot_size": 1, "instrument_token": 279811, "strike": 0.0, "segment": "CDS-FUT", "exchange_token": "1093"}, "ONMIBOR20FEBFUT": {"instrument_type": "FUT", "tick_size": 0.0025, "name": "ONMIBOR", "exchange": "CDS", "last_price": 0.0, "expiry": "2020-02-28", "tradingsymbol": "ONMIBOR20FEBFUT", "lot_size": 1, "instrument_token": 265219, "strike": 0.0, "segment": "CDS-FUT", "exchange_token": "1036"}, "JPYINR20JUNFUT": {"instrument_type": "FUT", "tick_size": 0.0025, "name": "JPYINR", "exchange": "CDS", "last_price": 0.0, "expiry": "2020-06-26", "tradingsymbol": "JPYINR20JUNFUT", "lot_size": 1, "instrument_token": 306435, "strike": 0.0, "segment": "CDS-FUT", "exchange_token": "1197"}, "JPYINR20DECFUT": {"instrument_type": "FUT", "tick_size": 0.0025, "name": "JPYINR", "exchange": "CDS", "last_price": 0.0, "expiry": "2020-12-29", "tradingsymbol": "JPYINR20DECFUT", "lot_size": 1, "instrument_token": 380419, "strike": 0.0, "segment": "CDS-FUT", "exchange_token": "1486"}, "USDINR20AUGFUT": {"instrument_type": "FUT", "tick_size": 0.0025, "name": "USDINR", "exchange": "CDS", "last_price": 0.0, "expiry": "2020-08-27", "tradingsymbol": "USDINR20AUGFUT", "lot_size": 1, "instrument_token": 1077251, "strike": 0.0, "segment": "CDS-FUT", "exchange_token": "4208"}, "USDINR20JULFUT": {"instrument_type": "FUT", "tick_size": 0.0025, "name": "USDINR", "exchange": "CDS", "last_price": 0.0, "expiry": "2020-07-29", "tradingsymbol": "USDINR20JULFUT", "lot_size": 1, "instrument_token": 698627, "strike": 0.0, "segment": "CDS-FUT", "exchange_token": "2729"}, "USDINR20MARFUT": {"instrument_type": "FUT", "tick_size": 0.0025, "name": "USDINR", "exchange": "CDS", "last_price": 0.0, "expiry": "2020-03-27", "tradingsymbol": "USDINR20MARFUT", "lot_size": 1, "instrument_token": 323587, "strike": 0.0, "segment": "CDS-FUT", "exchange_token": "1264"}, "645GS202920FEBFUT": {"instrument_type": "FUT", "tick_size": 0.0025, "name": "645GS2029", "exchange": "CDS", "last_price": 0.0, "expiry": "2020-02-27", "tradingsymbol": "645GS202920FEBFUT", "lot_size": 1, "instrument_token": 257539, "strike": 0.0, "segment": "CDS-FUT", "exchange_token": "1006"}, "USDINR20DECFUT": {"instrument_type": "FUT", "tick_size": 0.0025, "name": "USDINR", "exchange": "CDS", "last_price": 0.0, "expiry": "2020-12-29", "tradingsymbol": "USDINR20DECFUT", "lot_size": 1, "instrument_token": 380675, "strike": 0.0, "segment": "CDS-FUT", "exchange_token": "1487"}, "EURINR20JULFUT": {"instrument_type": "FUT", "tick_size": 0.0025, "name": "EURINR", "exchange": "CDS", "last_price": 0.0, "expiry": "2020-07-29", "tradingsymbol": "EURINR20JULFUT", "lot_size": 1, "instrument_token": 696067, "strike": 0.0, "segment": "CDS-FUT", "exchange_token": "2719"}, "JPYINR20MAYFUT": {"instrument_type": "FUT", "tick_size": 0.0025, "name": "JPYINR", "exchange": "CDS", "last_price": 0.0, "expiry": "2020-05-27", "tradingsymbol": "JPYINR20MAYFUT", "lot_size": 1, "instrument_token": 700163, "strike": 0.0, "segment": "CDS-FUT", "exchange_token": "2735"}, "645GS202920APRFUT": {"instrument_type": "FUT", "tick_size": 0.0025, "name": "645GS2029", "exchange": "CDS", "last_price": 0.0, "expiry": "2020-04-30", "tradingsymbol": "645GS202920APRFUT", "lot_size": 1, "instrument_token": 262403, "strike": 0.0, "segment": "CDS-FUT", "exchange_token": "1025"}, "EURINR20MARFUT": {"instrument_type": "FUT", "tick_size": 0.0025, "name": "EURINR", "exchange": "CDS", "last_price": 0.0, "expiry": "2020-03-27", "tradingsymbol": "EURINR20MARFUT", "lot_size": 1, "instrument_token": 274947, "strike": 0.0, "segment": "CDS-FUT", "exchange_token": "1074"}, "ONMIBOR20DECFUT": {"instrument_type": "FUT", "tick_size": 0.0025, "name": "ONMIBOR", "exchange": "CDS", "last_price": 0.0, "expiry": "2020-12-31", "tradingsymbol": "ONMIBOR20DECFUT", "lot_size": 1, "instrument_token": 259331, "strike": 0.0, "segment": "CDS-FUT", "exchange_token": "1013"}, "757GS203320MARFUT": {"instrument_type": "FUT", "tick_size": 0.0025, "name": "757GS2033", "exchange": "CDS", "last_price": 0.0, "expiry": "2020-03-26", "tradingsymbol": "757GS203320MARFUT", "lot_size": 1, "instrument_token": 713219, "strike": 0.0, "segment": "CDS-FUT", "exchange_token": "2786"}, "USDINR20APRFUT": {"instrument_type": "FUT", "tick_size": 0.0025, "name": "USDINR", "exchange": "CDS", "last_price": 0.0, "expiry": "2020-04-28", "tradingsymbol": "USDINR20APRFUT", "lot_size": 1, "instrument_token": 316163, "strike": 0.0, "segment": "CDS-FUT", "exchange_token": "1235"}, "91DTB20MARFUT": {"instrument_type": "FUT", "tick_size": 0.0025, "name": "91DTB", "exchange": "CDS", "last_price": 0.0, "expiry": "2020-03-24", "tradingsymbol": "91DTB20MARFUT", "lot_size": 1, "instrument_token": 447235, "strike": 0.0, "segment": "CDS-FUT", "exchange_token": "1747"}, "GBPINR20MAYFUT": {"instrument_type": "FUT", "tick_size": 0.0025, "name": "GBPINR", "exchange": "CDS", "last_price": 0.0, "expiry": "2020-05-27", "tradingsymbol": "GBPINR20MAYFUT", "lot_size": 1, "instrument_token": 683779, "strike": 0.0, "segment": "CDS-FUT", "exchange_token": "2671"}, "ONMIBOR20JUNFUT": {"instrument_type": "FUT", "tick_size": 0.0025, "name": "ONMIBOR", "exchange": "CDS", "last_price": 0.0, "expiry": "2020-06-30", "tradingsymbol": "ONMIBOR20JUNFUT", "lot_size": 1, "instrument_token": 261635, "strike": 0.0, "segment": "CDS-FUT", "exchange_token": "1022"}, "GBPINR20FEBFUT": {"instrument_type": "FUT", "tick_size": 0.0025, "name": "GBPINR", "exchange": "CDS", "last_price": 0.0, "expiry": "2020-02-26", "tradingsymbol": "GBPINR20FEBFUT", "lot_size": 1, "instrument_token": 909827, "strike": 0.0, "segment": "CDS-FUT", "exchange_token": "3554"}, "EURINR20MAYFUT": {"instrument_type": "FUT", "tick_size": 0.0025, "name": "EURINR", "exchange": "CDS", "last_price": 0.0, "expiry": "2020-05-27", "tradingsymbol": "EURINR20MAYFUT", "lot_size": 1, "instrument_token": 273667, "strike": 0.0, "segment": "CDS-FUT", "exchange_token": "1069"}, "668GS203120MARFUT": {"instrument_type": "FUT", "tick_size": 0.0025, "name": "668GS2031", "exchange": "CDS", "last_price": 0.0, "expiry": "2020-03-26", "tradingsymbol": "668GS203120MARFUT", "lot_size": 1, "instrument_token": 258051, "strike": 0.0, "segment": "CDS-FUT", "exchange_token": "1008"}, "726GS202920FEBFUT": {"instrument_type": "FUT", "tick_size": 0.0025, "name": "726GS2029", "exchange": "CDS", "last_price": 0.0, "expiry": "2020-02-27", "tradingsymbol": "726GS202920FEBFUT", "lot_size": 1, "instrument_token": 263171, "strike": 0.0, "segment": "CDS-FUT", "exchange_token": "1028"}, "JPYINR20MARFUT": {"instrument_type": "FUT", "tick_size": 0.0025, "name": "JPYINR", "exchange": "CDS", "last_price": 0.0, "expiry": "2020-03-27", "tradingsymbol": "JPYINR20MARFUT", "lot_size": 1, "instrument_token": 323331, "strike": 0.0, "segment": "CDS-FUT", "exchange_token": "1263"}, "EURINR20SEPFUT": {"instrument_type": "FUT", "tick_size": 0.0025, "name": "EURINR", "exchange": "CDS", "last_price": 0.0, "expiry": "2020-09-28", "tradingsymbol": "EURINR20SEPFUT", "lot_size": 1, "instrument_token": 447491, "strike": 0.0, "segment": "CDS-FUT", "exchange_token": "1748"}, "757GS203320DECFUT": {"instrument_type": "FUT", "tick_size": 0.0025, "name": "757GS2033", "exchange": "CDS", "last_price": 0.0, "expiry": "2020-12-31", "tradingsymbol": "757GS203320DECFUT", "lot_size": 1, "instrument_token": 384003, "strike": 0.0, "segment": "CDS-FUT", "exchange_token": "1500"}, "ONMIBOR20SEPFUT": {"instrument_type": "FUT", "tick_size": 0.0025, "name": "ONMIBOR", "exchange": "CDS", "last_price": 0.0, "expiry": "2020-09-30", "tradingsymbol": "ONMIBOR20SEPFUT", "lot_size": 1, "instrument_token": 256771, "strike": 0.0, "segment": "CDS-FUT", "exchange_token": "1003"}, "668GS203120APRFUT": {"instrument_type": "FUT", "tick_size": 0.0025, "name": "668GS2031", "exchange": "CDS", "last_price": 0.0, "expiry": "2020-04-30", "tradingsymbol": "668GS203120APRFUT", "lot_size": 1, "instrument_token": 262915, "strike": 0.0, "segment": "CDS-FUT", "exchange_token": "1027"}, "91DTB20JUNFUT": {"instrument_type": "FUT", "tick_size": 0.0025, "name": "91DTB", "exchange": "CDS", "last_price": 0.0, "expiry": "2020-06-24", "tradingsymbol": "91DTB20JUNFUT", "lot_size": 1, "instrument_token": 272643, "strike": 0.0, "segment": "CDS-FUT", "exchange_token": "1065"}, "726GS202920JUNFUT": {"instrument_type": "FUT", "tick_size": 0.0025, "name": "726GS2029", "exchange": "CDS", "last_price": 0.0, "expiry": "2020-06-25", "tradingsymbol": "726GS202920JUNFUT", "lot_size": 1, "instrument_token": 257283, "strike": 0.0, "segment": "CDS-FUT", "exchange_token": "1005"}, "JPYINR20FEBFUT": {"instrument_type": "FUT", "tick_size": 0.0025, "name": "JPYINR", "exchange": "CDS", "last_price": 0.0, "expiry": "2020-02-26", "tradingsymbol": "JPYINR20FEBFUT", "lot_size": 1, "instrument_token": 916995, "strike": 0.0, "segment": "CDS-FUT", "exchange_token": "3582"}, "JPYINR21JANFUT": {"instrument_type": "FUT", "tick_size": 0.0025, "name": "JPYINR", "exchange": "CDS", "last_price": 0.0, "expiry": "2021-01-27", "tradingsymbol": "JPYINR21JANFUT", "lot_size": 1, "instrument_token": 463363, "strike": 0.0, "segment": "CDS-FUT", "exchange_token": "1810"}, "727GS202620JUNFUT": {"instrument_type": "FUT", "tick_size": 0.0025, "name": "727GS2026", "exchange": "CDS", "last_price": 0.0, "expiry": "2020-06-25", "tradingsymbol": "727GS202620JUNFUT", "lot_size": 1, "instrument_token": 522499, "strike": 0.0, "segment": "CDS-FUT", "exchange_token": "2041"}, "ONMIBOR20MARFUT": {"instrument_type": "FUT", "tick_size": 0.0025, "name": "ONMIBOR", "exchange": "CDS", "last_price": 0.0, "expiry": "2020-03-31", "tradingsymbol": "ONMIBOR20MARFUT", "lot_size": 1, "instrument_token": 260867, "strike": 0.0, "segment": "CDS-FUT", "exchange_token": "1019"}, "USDINR20NOVFUT": {"instrument_type": "FUT", "tick_size": 0.0025, "name": "USDINR", "exchange": "CDS", "last_price": 0.0, "expiry": "2020-11-25", "tradingsymbol": "USDINR20NOVFUT", "lot_size": 1, "instrument_token": 780803, "strike": 0.0, "segment": "CDS-FUT", "exchange_token": "3050"}, "795GS203220FEBFUT": {"instrument_type": "FUT", "tick_size": 0.0025, "name": "795GS2032", "exchange": "CDS", "last_price": 0.0, "expiry": "2020-02-27", "tradingsymbol": "795GS203220FEBFUT", "lot_size": 1, "instrument_token": 264963, "strike": 0.0, "segment": "CDS-FUT", "exchange_token": "1035"}, "91DTB20FEBFUT": {"instrument_type": "FUT", "tick_size": 0.0025, "name": "91DTB", "exchange": "CDS", "last_price": 0.0, "expiry": "2020-02-26", "tradingsymbol": "91DTB20FEBFUT", "lot_size": 1, "instrument_token": 850691, "strike": 0.0, "segment": "CDS-FUT", "exchange_token": "3323"}, "727GS202620APRFUT": {"instrument_type": "FUT", "tick_size": 0.0025, "name": "727GS2026", "exchange": "CDS", "last_price": 0.0, "expiry": "2020-04-30", "tradingsymbol": "727GS202620APRFUT", "lot_size": 1, "instrument_token": 277251, "strike": 0.0, "segment": "CDS-FUT", "exchange_token": "1083"}, "JPYINR20AUGFUT": {"instrument_type": "FUT", "tick_size": 0.0025, "name": "JPYINR", "exchange": "CDS", "last_price": 0.0, "expiry": "2020-08-27", "tradingsymbol": "JPYINR20AUGFUT", "lot_size": 1, "instrument_token": 1076483, "strike": 0.0, "segment": "CDS-FUT", "exchange_token": "4205"}, "EURINR20APRFUT": {"instrument_type": "FUT", "tick_size": 0.0025, "name": "EURINR", "exchange": "CDS", "last_price": 0.0, "expiry": "2020-04-28", "tradingsymbol": "EURINR20APRFUT", "lot_size": 1, "instrument_token": 302595, "strike": 0.0, "segment": "CDS-FUT", "exchange_token": "1182"}, "GBPINR20JULFUT": {"instrument_type": "FUT", "tick_size": 0.0025, "name": "GBPINR", "exchange": "CDS", "last_price": 0.0, "expiry": "2020-07-29", "tradingsymbol": "GBPINR20JULFUT", "lot_size": 1, "instrument_token": 697859, "strike": 0.0, "segment": "CDS-FUT", "exchange_token": "2726"}, "GBPINR20SEPFUT": {"instrument_type": "FUT", "tick_size": 0.0025, "name": "GBPINR", "exchange": "CDS", "last_price": 0.0, "expiry": "2020-09-28", "tradingsymbol": "GBPINR20SEPFUT", "lot_size": 1, "instrument_token": 507395, "strike": 0.0, "segment": "CDS-FUT", "exchange_token": "1982"}}, "relations": {"757GS2033": ["757GS203320FEBFUT", "757GS203320MARFUT", "757GS203320APRFUT", "757GS203320JUNFUT", "757GS203320SEPFUT", "757GS203320DECFUT"], "726GS2029": ["726GS202920FEBFUT", "726GS202920MARFUT", "726GS202920APRFUT", "726GS202920JUNFUT", "726GS202920SEPFUT", "726GS202920DECFUT"], "USDINR": ["USDINR20FEBFUT", "USDINR20MARFUT", "USDINR20APRFUT", "USDINR20MAYFUT", "USDINR20JUNFUT", "USDINR20JULFUT", "USDINR20AUGFUT", "USDINR20SEPFUT", "USDINR20OCTFUT", "USDINR20NOVFUT", "USDINR20DECFUT", "USDINR21JANFUT"], "668GS2031": ["668GS203120FEBFUT", "668GS203120MARFUT", "668GS203120APRFUT", "668GS203120JUNFUT"], "JPYINR": ["JPYINR20FEBFUT", "JPYINR20MARFUT", "JPYINR20APRFUT", "JPYINR20MAYFUT", "JPYINR20JUNFUT", "JPYINR20JULFUT", "JPYINR20AUGFUT", "JPYINR20SEPFUT", "JPYINR20OCTFUT", "JPYINR20NOVFUT", "JPYINR20DECFUT", "JPYINR21JANFUT"], "ONMIBOR": ["ONMIBOR20FEBFUT", "ONMIBOR20MARFUT", "ONMIBOR20APRFUT", "ONMIBOR20JUNFUT", "ONMIBOR20SEPFUT", "ONMIBOR20DECFUT"], "GBPINR": ["GBPINR20FEBFUT", "GBPINR20MARFUT", "GBPINR20APRFUT", "GBPINR20MAYFUT", "GBPINR20JUNFUT", "GBPINR20JULFUT", "GBPINR20AUGFUT", "GBPINR20SEPFUT", "GBPINR20OCTFUT", "GBPINR20NOVFUT", "GBPINR20DECFUT", "GBPINR21JANFUT"], "645GS2029": ["645GS202920FEBFUT", "645GS202920MARFUT", "645GS202920APRFUT", "645GS202920JUNFUT", "645GS202920SEPFUT", "645GS202920DECFUT"], "795GS2032": ["795GS203220FEBFUT", "795GS203220MARFUT", "795GS203220APRFUT", "795GS203220JUNFUT", "795GS203220SEPFUT", "795GS203220DECFUT"], "91DTB": ["91DTB20FEBFUT", "91DTB20MARFUT", "91DTB20APRFUT", "91DTB20JUNFUT"], "EURINR": ["EURINR20FEBFUT", "EURINR20MARFUT", "EURINR20APRFUT", "EURINR20MAYFUT", "EURINR20JUNFUT", "EURINR20JULFUT", "EURINR20AUGFUT", "EURINR20SEPFUT", "EURINR20OCTFUT", "EURINR20NOVFUT", "EURINR20DECFUT", "EURINR21JANFUT"], "727GS2026": ["727GS202620FEBFUT", "727GS202620MARFUT", "727GS202620APRFUT", "727GS202620JUNFUT", "727GS202620SEPFUT", "727GS202620DECFUT"]}}