{"data": {"COTTON20MAYFUT": {"instrument_type": "FUT", "tick_size": 10.0, "name": "COTTON", "exchange": "MCX", "last_price": 0.0, "expiry": "2020-05-29", "tradingsymbol": "COTTON20MAYFUT", "lot_size": 1, "instrument_token": 55653383, "strike": 0.0, "segment": "MCX-FUT", "exchange_token": "217396"}, "COPPER20MAYFUT": {"instrument_type": "FUT", "tick_size": 0.05, "name": "COPPER", "exchange": "MCX", "last_price": 0.0, "expiry": "2020-05-29", "tradingsymbol": "COPPER20MAYFUT", "lot_size": 1, "instrument_token": 55718151, "strike": 0.0, "segment": "MCX-FUT", "exchange_token": "217649"}, "GOLDGUINEA20MARFUT": {"instrument_type": "FUT", "tick_size": 1.0, "name": "GOLDGUINEA", "exchange": "MCX", "last_price": 0.0, "expiry": "2020-03-31", "tradingsymbol": "GOLDGUINEA20MARFUT", "lot_size": 1, "instrument_token": 55655431, "strike": 0.0, "segment": "MCX-FUT", "exchange_token": "217404"}, "SILVERMAY20JUL20FUT": {"instrument_type": "FUT", "tick_size": 1.0, "name": "SILVER", "exchange": "MCX", "last_price": 0.0, "expiry": "2020-05-05", "tradingsymbol": "SILVERMAY20JUL20FUT", "lot_size": 1, "instrument_token": 55678471, "strike": 0.0, "segment": "MCX-FUT", "exchange_token": "217494"}, "GOLDPETAL20FEBFUT": {"instrument_type": "FUT", "tick_size": 1.0, "name": "GOLDPETAL", "exchange": "MCX", "last_price": 0.0, "expiry": "2020-02-28", "tradingsymbol": "GOLDPETAL20FEBFUT", "lot_size": 1, "instrument_token": 55597063, "strike": 0.0, "segment": "MCX-FUT", "exchange_token": "217176"}, "COPPER20JUNFUT": {"instrument_type": "FUT", "tick_size": 0.05, "name": "COPPER", "exchange": "MCX", "last_price": 0.0, "expiry": "2020-06-30", "tradingsymbol": "COPPER20JUNFUT", "lot_size": 1, "instrument_token": 55803143, "strike": 0.0, "segment": "MCX-FUT", "exchange_token": "217981"}, "GOLDMMAR20MAY20FUT": {"instrument_type": "FUT", "tick_size": 1.0, "name": "GOLDM", "exchange": "MCX", "last_price": 0.0, "expiry": "2020-03-05", "tradingsymbol": "GOLDMMAR20MAY20FUT", "lot_size": 1, "instrument_token": 55846407, "strike": 0.0, "segment": "MCX-FUT", "exchange_token": "218150"}, "MENTHAOIL20APRFUT": {"instrument_type": "FUT", "tick_size": 0.1, "name": "MENTHAOIL", "exchange": "MCX", "last_price": 0.0, "expiry": "2020-04-30", "tradingsymbol": "MENTHAOIL20APRFUT", "lot_size": 1, "instrument_token": 55595783, "strike": 0.0, "segment": "MCX-FUT", "exchange_token": "217171"}, "CRUDEOIL20MAYFUT": {"instrument_type": "FUT", "tick_size": 1.0, "name": "CRUDEOIL", "exchange": "MCX", "last_price": 0.0, "expiry": "2020-05-18", "tradingsymbol": "CRUDEOIL20MAYFUT", "lot_size": 1, "instrument_token": 55634439, "strike": 0.0, "segment": "MCX-FUT", "exchange_token": "217322"}, "SILVERMAR20MAY20FUT": {"instrument_type": "FUT", "tick_size": 1.0, "name": "SILVER", "exchange": "MCX", "last_price": 0.0, "expiry": "2020-03-05", "tradingsymbol": "SILVERMAR20MAY20FUT", "lot_size": 1, "instrument_token": 55477767, "strike": 0.0, "segment": "MCX-FUT", "exchange_token": "216710"}, "GOLDM20MARFUT": {"instrument_type": "FUT", "tick_size": 1.0, "name": "GOLDM", "exchange": "MCX", "last_price": 0.0, "expiry": "2020-03-05", "tradingsymbol": "GOLDM20MARFUT", "lot_size": 1, "instrument_token": 55678727, "strike": 0.0, "segment": "MCX-FUT", "exchange_token": "217495"}, "SILVER20MAYFUT": {"instrument_type": "FUT", "tick_size": 1.0, "name": "SILVER", "exchange": "MCX", "last_price": 0.0, "expiry": "2020-05-05", "tradingsymbol": "SILVER20MAYFUT", "lot_size": 1, "instrument_token": 54922759, "strike": 0.0, "segment": "MCX-FUT", "exchange_token": "214542"}, "ALUMINI20MARFUT": {"instrument_type": "FUT", "tick_size": 0.05, "name": "ALUMINI", "exchange": "MCX", "last_price": 0.0, "expiry": "2020-03-31", "tradingsymbol": "ALUMINI20MARFUT", "lot_size": 1, "instrument_token": 55594247, "strike": 0.0, "segment": "MCX-FUT", "exchange_token": "217165"}, "KAPAS20APRFUT": {"instrument_type": "FUT", "tick_size": 0.5, "name": "KAPAS", "exchange": "MCX", "last_price": 0.0, "expiry": "2020-04-30", "tradingsymbol": "KAPAS20APRFUT", "lot_size": 1, "instrument_token": 55521543, "strike": 0.0, "segment": "MCX-FUT", "exchange_token": "216881"}, "GOLD20DECFUT": {"instrument_type": "FUT", "tick_size": 1.0, "name": "GOLD", "exchange": "MCX", "last_price": 0.0, "expiry": "2020-12-04", "tradingsymbol": "GOLD20DECFUT", "lot_size": 1, "instrument_token": 55683079, "strike": 0.0, "segment": "MCX-FUT", "exchange_token": "217512"}, "COTTONREF20JUNFUT": {"instrument_type": "FUT", "tick_size": 10.0, "name": "COTTONREF", "exchange": "MCX", "last_price": 0.0, "expiry": "2020-06-30", "tradingsymbol": "COTTONREF20JUNFUT", "lot_size": 1, "instrument_token": 55717383, "strike": 0.0, "segment": "MCX-FUT", "exchange_token": "217646"}, "SILVER20DECFUT": {"instrument_type": "FUT", "tick_size": 1.0, "name": "SILVER", "exchange": "MCX", "last_price": 0.0, "expiry": "2020-12-04", "tradingsymbol": "SILVER20DECFUT", "lot_size": 1, "instrument_token": 55682823, "strike": 0.0, "segment": "MCX-FUT", "exchange_token": "217511"}, "RBDPMOLEIN20MARFUT": {"instrument_type": "FUT", "tick_size": 0.1, "name": "RBDPMOLEIN", "exchange": "MCX", "last_price": 0.0, "expiry": "2020-03-31", "tradingsymbol": "RBDPMOLEIN20MARFUT", "lot_size": 1, "instrument_token": 55655175, "strike": 0.0, "segment": "MCX-FUT", "exchange_token": "217403"}, "NATURALGAS20FEBFUT": {"instrument_type": "FUT", "tick_size": 0.1, "name": "NATURALGAS", "exchange": "MCX", "last_price": 0.0, "expiry": "2020-02-25", "tradingsymbol": "NATURALGAS20FEBFUT", "lot_size": 1, "instrument_token": 55648519, "strike": 0.0, "segment": "MCX-FUT", "exchange_token": "217377"}, "ZINCMINI20FEBFUT": {"instrument_type": "FUT", "tick_size": 0.05, "name": "ZINCMINI", "exchange": "MCX", "last_price": 0.0, "expiry": "2020-02-28", "tradingsymbol": "ZINCMINI20FEBFUT", "lot_size": 1, "instrument_token": 55530247, "strike": 0.0, "segment": "MCX-FUT", "exchange_token": "216915"}, "GOLDGUINEA20MAYFUT": {"instrument_type": "FUT", "tick_size": 1.0, "name": "GOLDGUINEA", "exchange": "MCX", "last_price": 0.0, "expiry": "2020-05-29", "tradingsymbol": "GOLDGUINEA20MAYFUT", "lot_size": 1, "instrument_token": 55802375, "strike": 0.0, "segment": "MCX-FUT", "exchange_token": "217978"}, "COTTON20FEBFUT": {"instrument_type": "FUT", "tick_size": 10.0, "name": "COTTON", "exchange": "MCX", "last_price": 0.0, "expiry": "2020-02-28", "tradingsymbol": "COTTON20FEBFUT", "lot_size": 1, "instrument_token": 55410695, "strike": 0.0, "segment": "MCX-FUT", "exchange_token": "216448"}, "GOLD20APRFUT": {"instrument_type": "FUT", "tick_size": 1.0, "name": "GOLD", "exchange": "MCX", "last_price": 0.0, "expiry": "2020-04-03", "tradingsymbol": "GOLD20APRFUT", "lot_size": 1, "instrument_token": 54853895, "strike": 0.0, "segment": "MCX-FUT", "exchange_token": "214273"}, "COPPER20FEBFUT": {"instrument_type": "FUT", "tick_size": 0.05, "name": "COPPER", "exchange": "MCX", "last_price": 0.0, "expiry": "2020-02-28", "tradingsymbol": "COPPER20FEBFUT", "lot_size": 1, "instrument_token": 55533063, "strike": 0.0, "segment": "MCX-FUT", "exchange_token": "216926"}, "LEADMINI20APRFUT": {"instrument_type": "FUT", "tick_size": 0.05, "name": "LEADMINI", "exchange": "MCX", "last_price": 0.0, "expiry": "2020-04-30", "tradingsymbol": "LEADMINI20APRFUT", "lot_size": 1, "instrument_token": 55654919, "strike": 0.0, "segment": "MCX-FUT", "exchange_token": "217402"}, "CPOFEB20MAR20FUT": {"instrument_type": "FUT", "tick_size": 0.1, "name": "CPO", "exchange": "MCX", "last_price": 0.0, "expiry": "2020-02-28", "tradingsymbol": "CPOFEB20MAR20FUT", "lot_size": 1, "instrument_token": 55716871, "strike": 0.0, "segment": "MCX-FUT", "exchange_token": "217644"}, "COTTONREF20APRFUT": {"instrument_type": "FUT", "tick_size": 10.0, "name": "COTTONREF", "exchange": "MCX", "last_price": 0.0, "expiry": "2020-04-30", "tradingsymbol": "COTTONREF20APRFUT", "lot_size": 1, "instrument_token": 55597831, "strike": 0.0, "segment": "MCX-FUT", "exchange_token": "217179"}, "LEAD20MAYFUT": {"instrument_type": "FUT", "tick_size": 0.05, "name": "LEAD", "exchange": "MCX", "last_price": 0.0, "expiry": "2020-05-29", "tradingsymbol": "LEAD20MAYFUT", "lot_size": 1, "instrument_token": 55715335, "strike": 0.0, "segment": "MCX-FUT", "exchange_token": "217638"}, "COTTON20APRFUT": {"instrument_type": "FUT", "tick_size": 10.0, "name": "COTTON", "exchange": "MCX", "last_price": 0.0, "expiry": "2020-04-30", "tradingsymbol": "COTTON20APRFUT", "lot_size": 1, "instrument_token": 55595271, "strike": 0.0, "segment": "MCX-FUT", "exchange_token": "217169"}, "GOLD20JUNFUT": {"instrument_type": "FUT", "tick_size": 1.0, "name": "GOLD", "exchange": "MCX", "last_price": 0.0, "expiry": "2020-06-05", "tradingsymbol": "GOLD20JUNFUT", "lot_size": 1, "instrument_token": 54996743, "strike": 0.0, "segment": "MCX-FUT", "exchange_token": "214831"}, "PEPPER20JUNFUT": {"instrument_type": "FUT", "tick_size": 5.0, "name": "PEPPER", "exchange": "MCX", "last_price": 0.0, "expiry": "2020-06-19", "tradingsymbol": "PEPPER20JUNFUT", "lot_size": 1, "instrument_token": 55802887, "strike": 0.0, "segment": "MCX-FUT", "exchange_token": "217980"}, "CPO20JUNFUT": {"instrument_type": "FUT", "tick_size": 0.1, "name": "CPO", "exchange": "MCX", "last_price": 0.0, "expiry": "2020-06-30", "tradingsymbol": "CPO20JUNFUT", "lot_size": 1, "instrument_token": 55803655, "strike": 0.0, "segment": "MCX-FUT", "exchange_token": "217983"}, "CARDAMOM20MAYFUT": {"instrument_type": "FUT", "tick_size": 0.1, "name": "CARDAMOM", "exchange": "MCX", "last_price": 0.0, "expiry": "2020-05-15", "tradingsymbol": "CARDAMOM20MAYFUT", "lot_size": 1, "instrument_token": 55682567, "strike": 0.0, "segment": "MCX-FUT", "exchange_token": "217510"}, "RBDPMOLEIN20APRFUT": {"instrument_type": "FUT", "tick_size": 0.1, "name": "RBDPMOLEIN", "exchange": "MCX", "last_price": 0.0, "expiry": "2020-04-30", "tradingsymbol": "RBDPMOLEIN20APRFUT", "lot_size": 1, "instrument_token": 55717639, "strike": 0.0, "segment": "MCX-FUT", "exchange_token": "217647"}, "COPPER20APRFUT": {"instrument_type": "FUT", "tick_size": 0.05, "name": "COPPER", "exchange": "MCX", "last_price": 0.0, "expiry": "2020-04-30", "tradingsymbol": "COPPER20APRFUT", "lot_size": 1, "instrument_token": 55653895, "strike": 0.0, "segment": "MCX-FUT", "exchange_token": "217398"}, "CPOFEB20APR20FUT": {"instrument_type": "FUT", "tick_size": 0.1, "name": "CPO", "exchange": "MCX", "last_price": 0.0, "expiry": "2020-02-28", "tradingsymbol": "CPOFEB20APR20FUT", "lot_size": 1, "instrument_token": 55805191, "strike": 0.0, "segment": "MCX-FUT", "exchange_token": "217989"}, "CPOMAR20APR20FUT": {"instrument_type": "FUT", "tick_size": 0.1, "name": "CPO", "exchange": "MCX", "last_price": 0.0, "expiry": "2020-03-31", "tradingsymbol": "CPOMAR20APR20FUT", "lot_size": 1, "instrument_token": 55805447, "strike": 0.0, "segment": "MCX-FUT", "exchange_token": "217990"}, "SILVERMFEB20APR20FUT": {"instrument_type": "FUT", "tick_size": 1.0, "name": "SILVERM", "exchange": "MCX", "last_price": 0.0, "expiry": "2020-02-28", "tradingsymbol": "SILVERMFEB20APR20FUT", "lot_size": 1, "instrument_token": 55412999, "strike": 0.0, "segment": "MCX-FUT", "exchange_token": "216457"}, "GOLDPETAL20MARFUT": {"instrument_type": "FUT", "tick_size": 1.0, "name": "GOLDPETAL", "exchange": "MCX", "last_price": 0.0, "expiry": "2020-03-31", "tradingsymbol": "GOLDPETAL20MARFUT", "lot_size": 1, "instrument_token": 55655687, "strike": 0.0, "segment": "MCX-FUT", "exchange_token": "217405"}, "NICKEL20APRFUT": {"instrument_type": "FUT", "tick_size": 0.1, "name": "NICKEL", "exchange": "MCX", "last_price": 0.0, "expiry": "2020-04-30", "tradingsymbol": "NICKEL20APRFUT", "lot_size": 1, "instrument_token": 55654663, "strike": 0.0, "segment": "MCX-FUT", "exchange_token": "217401"}, "SILVERM20APRFUT": {"instrument_type": "FUT", "tick_size": 1.0, "name": "SILVERM", "exchange": "MCX", "last_price": 0.0, "expiry": "2020-04-30", "tradingsymbol": "SILVERM20APRFUT", "lot_size": 1, "instrument_token": 54922503, "strike": 0.0, "segment": "MCX-FUT", "exchange_token": "214541"}, "PEPPER20MARFUT": {"instrument_type": "FUT", "tick_size": 5.0, "name": "PEPPER", "exchange": "MCX", "last_price": 0.0, "expiry": "2020-03-20", "tradingsymbol": "PEPPER20MARFUT", "lot_size": 1, "instrument_token": 55595527, "strike": 0.0, "segment": "MCX-FUT", "exchange_token": "217170"}, "GOLDAPR20JUN20FUT": {"instrument_type": "FUT", "tick_size": 1.0, "name": "GOLD", "exchange": "MCX", "last_price": 0.0, "expiry": "2020-04-03", "tradingsymbol": "GOLDAPR20JUN20FUT", "lot_size": 1, "instrument_token": 55677959, "strike": 0.0, "segment": "MCX-FUT", "exchange_token": "217492"}, "GOLDM20APRFUT": {"instrument_type": "FUT", "tick_size": 1.0, "name": "GOLDM", "exchange": "MCX", "last_price": 0.0, "expiry": "2020-04-03", "tradingsymbol": "GOLDM20APRFUT", "lot_size": 1, "instrument_token": 55735815, "strike": 0.0, "segment": "MCX-FUT", "exchange_token": "217718"}, "CRUDEOIL20APRFUT": {"instrument_type": "FUT", "tick_size": 1.0, "name": "CRUDEOIL", "exchange": "MCX", "last_price": 0.0, "expiry": "2020-04-20", "tradingsymbol": "CRUDEOIL20APRFUT", "lot_size": 1, "instrument_token": 55572743, "strike": 0.0, "segment": "MCX-FUT", "exchange_token": "217081"}, "GOLD20OCTFUT": {"instrument_type": "FUT", "tick_size": 1.0, "name": "GOLD", "exchange": "MCX", "last_price": 0.0, "expiry": "2020-10-05", "tradingsymbol": "GOLD20OCTFUT", "lot_size": 1, "instrument_token": 55556103, "strike": 0.0, "segment": "MCX-FUT", "exchange_token": "217016"}, "CRUDEOIL20JUNFUT": {"instrument_type": "FUT", "tick_size": 1.0, "name": "CRUDEOIL", "exchange": "MCX", "last_price": 0.0, "expiry": "2020-06-19", "tradingsymbol": "CRUDEOIL20JUNFUT", "lot_size": 1, "instrument_token": 55699207, "strike": 0.0, "segment": "MCX-FUT", "exchange_token": "217575"}, "COTTONREF20MARFUT": {"instrument_type": "FUT", "tick_size": 10.0, "name": "COTTONREF", "exchange": "MCX", "last_price": 0.0, "expiry": "2020-03-31", "tradingsymbol": "COTTONREF20MARFUT", "lot_size": 1, "instrument_token": 55530503, "strike": 0.0, "segment": "MCX-FUT", "exchange_token": "216916"}, "CRUDEOILAPR20MAY20FUT": {"instrument_type": "FUT", "tick_size": 1.0, "name": "CRUDEOIL", "exchange": "MCX", "last_price": 0.0, "expiry": "2020-04-20", "tradingsymbol": "CRUDEOILAPR20MAY20FUT", "lot_size": 1, "instrument_token": 55876103, "strike": 0.0, "segment": "MCX-FUT", "exchange_token": "218266"}, "MENTHAOIL20FEBFUT": {"instrument_type": "FUT", "tick_size": 0.1, "name": "MENTHAOIL", "exchange": "MCX", "last_price": 0.0, "expiry": "2020-02-28", "tradingsymbol": "MENTHAOIL20FEBFUT", "lot_size": 1, "instrument_token": 55431687, "strike": 0.0, "segment": "MCX-FUT", "exchange_token": "216530"}, "GOLDJUN20AUG20FUT": {"instrument_type": "FUT", "tick_size": 1.0, "name": "GOLD", "exchange": "MCX", "last_price": 0.0, "expiry": "2020-06-05", "tradingsymbol": "GOLDJUN20AUG20FUT", "lot_size": 1, "instrument_token": 55846151, "strike": 0.0, "segment": "MCX-FUT", "exchange_token": "218149"}, "ALUMINI20FEBFUT": {"instrument_type": "FUT", "tick_size": 0.05, "name": "ALUMINI", "exchange": "MCX", "last_price": 0.0, "expiry": "2020-02-28", "tradingsymbol": "ALUMINI20FEBFUT", "lot_size": 1, "instrument_token": 55532807, "strike": 0.0, "segment": "MCX-FUT", "exchange_token": "216925"}, "CARDAMOM20MARFUT": {"instrument_type": "FUT", "tick_size": 0.1, "name": "CARDAMOM", "exchange": "MCX", "last_price": 0.0, "expiry": "2020-03-13", "tradingsymbol": "CARDAMOM20MARFUT", "lot_size": 1, "instrument_token": 55555591, "strike": 0.0, "segment": "MCX-FUT", "exchange_token": "217014"}, "SILVERM20NOVFUT": {"instrument_type": "FUT", "tick_size": 1.0, "name": "SILVERM", "exchange": "MCX", "last_price": 0.0, "expiry": "2020-11-30", "tradingsymbol": "SILVERM20NOVFUT", "lot_size": 1, "instrument_token": 55555847, "strike": 0.0, "segment": "MCX-FUT", "exchange_token": "217015"}, "SILVERM20JUNFUT": {"instrument_type": "FUT", "tick_size": 1.0, "name": "SILVERM", "exchange": "MCX", "last_price": 0.0, "expiry": "2020-06-30", "tradingsymbol": "SILVERM20JUNFUT", "lot_size": 1, "instrument_token": 55168263, "strike": 0.0, "segment": "MCX-FUT", "exchange_token": "215501"}, "NATURALGAS20APRFUT": {"instrument_type": "FUT", "tick_size": 0.1, "name": "NATURALGAS", "exchange": "MCX", "last_price": 0.0, "expiry": "2020-04-27", "tradingsymbol": "NATURALGAS20APRFUT", "lot_size": 1, "instrument_token": 55781639, "strike": 0.0, "segment": "MCX-FUT", "exchange_token": "217897"}, "GOLDMMAR20APR20FUT": {"instrument_type": "FUT", "tick_size": 1.0, "name": "GOLDM", "exchange": "MCX", "last_price": 0.0, "expiry": "2020-03-05", "tradingsymbol": "GOLDMMAR20APR20FUT", "lot_size": 1, "instrument_token": 55736327, "strike": 0.0, "segment": "MCX-FUT", "exchange_token": "217720"}, "KAPAS21FEBFUT": {"instrument_type": "FUT", "tick_size": 0.5, "name": "KAPAS", "exchange": "MCX", "last_price": 0.0, "expiry": "2021-02-26", "tradingsymbol": "KAPAS21FEBFUT", "lot_size": 1, "instrument_token": 55804679, "strike": 0.0, "segment": "MCX-FUT", "exchange_token": "217987"}, "LEADMINI20MARFUT": {"instrument_type": "FUT", "tick_size": 0.05, "name": "LEADMINI", "exchange": "MCX", "last_price": 0.0, "expiry": "2020-03-31", "tradingsymbol": "LEADMINI20MARFUT", "lot_size": 1, "instrument_token": 55594503, "strike": 0.0, "segment": "MCX-FUT", "exchange_token": "217166"}, "COTTONMAR20APR20FUT": {"instrument_type": "FUT", "tick_size": 10.0, "name": "COTTON", "exchange": "MCX", "last_price": 0.0, "expiry": "2020-03-31", "tradingsymbol": "COTTONMAR20APR20FUT", "lot_size": 1, "instrument_token": 55805959, "strike": 0.0, "segment": "MCX-FUT", "exchange_token": "217992"}, "NATURALGAS20MARFUT": {"instrument_type": "FUT", "tick_size": 0.1, "name": "NATURALGAS", "exchange": "MCX", "last_price": 0.0, "expiry": "2020-03-26", "tradingsymbol": "NATURALGAS20MARFUT", "lot_size": 1, "instrument_token": 55711239, "strike": 0.0, "segment": "MCX-FUT", "exchange_token": "217622"}, "PEPPER20APRFUT": {"instrument_type": "FUT", "tick_size": 5.0, "name": "PEPPER", "exchange": "MCX", "last_price": 0.0, "expiry": "2020-04-20", "tradingsymbol": "PEPPER20APRFUT", "lot_size": 1, "instrument_token": 55754503, "strike": 0.0, "segment": "MCX-FUT", "exchange_token": "217791"}, "COTTONREF20MAYFUT": {"instrument_type": "FUT", "tick_size": 10.0, "name": "COTTONREF", "exchange": "MCX", "last_price": 0.0, "expiry": "2020-05-29", "tradingsymbol": "COTTONREF20MAYFUT", "lot_size": 1, "instrument_token": 55653639, "strike": 0.0, "segment": "MCX-FUT", "exchange_token": "217397"}, "SILVERMIC20APRFUT": {"instrument_type": "FUT", "tick_size": 1.0, "name": "SILVERMIC", "exchange": "MCX", "last_price": 0.0, "expiry": "2020-04-30", "tradingsymbol": "SILVERMIC20APRFUT", "lot_size": 1, "instrument_token": 55206919, "strike": 0.0, "segment": "MCX-FUT", "exchange_token": "215652"}, "CPO20MARFUT": {"instrument_type": "FUT", "tick_size": 0.1, "name": "CPO", "exchange": "MCX", "last_price": 0.0, "expiry": "2020-03-31", "tradingsymbol": "CPO20MARFUT", "lot_size": 1, "instrument_token": 55596039, "strike": 0.0, "segment": "MCX-FUT", "exchange_token": "217172"}, "LEADMINI20FEBFUT": {"instrument_type": "FUT", "tick_size": 0.05, "name": "LEADMINI", "exchange": "MCX", "last_price": 0.0, "expiry": "2020-02-28", "tradingsymbol": "LEADMINI20FEBFUT", "lot_size": 1, "instrument_token": 55529991, "strike": 0.0, "segment": "MCX-FUT", "exchange_token": "216914"}, "SILVER20MARFUT": {"instrument_type": "FUT", "tick_size": 1.0, "name": "SILVER", "exchange": "MCX", "last_price": 0.0, "expiry": "2020-03-05", "tradingsymbol": "SILVER20MARFUT", "lot_size": 1, "instrument_token": 54789895, "strike": 0.0, "segment": "MCX-FUT", "exchange_token": "214023"}, "KAPAS20NOVFUT": {"instrument_type": "FUT", "tick_size": 0.5, "name": "KAPAS", "exchange": "MCX", "last_price": 0.0, "expiry": "2020-11-30", "tradingsymbol": "KAPAS20NOVFUT", "lot_size": 1, "instrument_token": 55597319, "strike": 0.0, "segment": "MCX-FUT", "exchange_token": "217177"}, "COPPER20MARFUT": {"instrument_type": "FUT", "tick_size": 0.05, "name": "COPPER", "exchange": "MCX", "last_price": 0.0, "expiry": "2020-03-31", "tradingsymbol": "COPPER20MARFUT", "lot_size": 1, "instrument_token": 55595015, "strike": 0.0, "segment": "MCX-FUT", "exchange_token": "217168"}, "CPO20MAYFUT": {"instrument_type": "FUT", "tick_size": 0.1, "name": "CPO", "exchange": "MCX", "last_price": 0.0, "expiry": "2020-05-29", "tradingsymbol": "CPO20MAYFUT", "lot_size": 1, "instrument_token": 55716359, "strike": 0.0, "segment": "MCX-FUT", "exchange_token": "217642"}, "SILVER20JULFUT": {"instrument_type": "FUT", "tick_size": 1.0, "name": "SILVER", "exchange": "MCX", "last_price": 0.0, "expiry": "2020-07-03", "tradingsymbol": "SILVER20JULFUT", "lot_size": 1, "instrument_token": 55133959, "strike": 0.0, "segment": "MCX-FUT", "exchange_token": "215367"}, "SILVER20SEPFUT": {"instrument_type": "FUT", "tick_size": 1.0, "name": "SILVER", "exchange": "MCX", "last_price": 0.0, "expiry": "2020-09-04", "tradingsymbol": "SILVER20SEPFUT", "lot_size": 1, "instrument_token": 55482887, "strike": 0.0, "segment": "MCX-FUT", "exchange_token": "216730"}, "SILVERMIC20JUNFUT": {"instrument_type": "FUT", "tick_size": 1.0, "name": "SILVERMIC", "exchange": "MCX", "last_price": 0.0, "expiry": "2020-06-30", "tradingsymbol": "SILVERMIC20JUNFUT", "lot_size": 1, "instrument_token": 55529479, "strike": 0.0, "segment": "MCX-FUT", "exchange_token": "216912"}, "NICKEL20MARFUT": {"instrument_type": "FUT", "tick_size": 0.1, "name": "NICKEL", "exchange": "MCX", "last_price": 0.0, "expiry": "2020-03-31", "tradingsymbol": "NICKEL20MARFUT", "lot_size": 1, "instrument_token": 55597575, "strike": 0.0, "segment": "MCX-FUT", "exchange_token": "217178"}, "ALUMINI20APRFUT": {"instrument_type": "FUT", "tick_size": 0.05, "name": "ALUMINI", "exchange": "MCX", "last_price": 0.0, "expiry": "2020-04-30", "tradingsymbol": "ALUMINI20APRFUT", "lot_size": 1, "instrument_token": 55654151, "strike": 0.0, "segment": "MCX-FUT", "exchange_token": "217399"}, "SILVERM20FEBFUT": {"instrument_type": "FUT", "tick_size": 1.0, "name": "SILVERM", "exchange": "MCX", "last_price": 0.0, "expiry": "2020-02-28", "tradingsymbol": "SILVERM20FEBFUT", "lot_size": 1, "instrument_token": 54789639, "strike": 0.0, "segment": "MCX-FUT", "exchange_token": "214022"}, "SILVERMIC20FEBFUT": {"instrument_type": "FUT", "tick_size": 1.0, "name": "SILVERMIC", "exchange": "MCX", "last_price": 0.0, "expiry": "2020-02-28", "tradingsymbol": "SILVERMIC20FEBFUT", "lot_size": 1, "instrument_token": 55168007, "strike": 0.0, "segment": "MCX-FUT", "exchange_token": "215500"}, "CARDAMOM20APRFUT": {"instrument_type": "FUT", "tick_size": 0.1, "name": "CARDAMOM", "exchange": "MCX", "last_price": 0.0, "expiry": "2020-04-15", "tradingsymbol": "CARDAMOM20APRFUT", "lot_size": 1, "instrument_token": 55633159, "strike": 0.0, "segment": "MCX-FUT", "exchange_token": "217317"}, "CRUDEOIL20AUGFUT": {"instrument_type": "FUT", "tick_size": 1.0, "name": "CRUDEOIL", "exchange": "MCX", "last_price": 0.0, "expiry": "2020-08-19", "tradingsymbol": "CRUDEOIL20AUGFUT", "lot_size": 1, "instrument_token": 55875591, "strike": 0.0, "segment": "MCX-FUT", "exchange_token": "218264"}, "MENTHAOIL20MAYFUT": {"instrument_type": "FUT", "tick_size": 0.1, "name": "MENTHAOIL", "exchange": "MCX", "last_price": 0.0, "expiry": "2020-05-29", "tradingsymbol": "MENTHAOIL20MAYFUT", "lot_size": 1, "instrument_token": 55653127, "strike": 0.0, "segment": "MCX-FUT", "exchange_token": "217395"}, "COTTONREF20FEBFUT": {"instrument_type": "FUT", "tick_size": 10.0, "name": "COTTONREF", "exchange": "MCX", "last_price": 0.0, "expiry": "2020-02-28", "tradingsymbol": "COTTONREF20FEBFUT", "lot_size": 1, "instrument_token": 55411719, "strike": 0.0, "segment": "MCX-FUT", "exchange_token": "216452"}, "GOLD20AUGFUT": {"instrument_type": "FUT", "tick_size": 1.0, "name": "GOLD", "exchange": "MCX", "last_price": 0.0, "expiry": "2020-08-05", "tradingsymbol": "GOLD20AUGFUT", "lot_size": 1, "instrument_token": 55324679, "strike": 0.0, "segment": "MCX-FUT", "exchange_token": "216112"}, "SILVERM20AUGFUT": {"instrument_type": "FUT", "tick_size": 1.0, "name": "SILVERM", "exchange": "MCX", "last_price": 0.0, "expiry": "2020-08-31", "tradingsymbol": "SILVERM20AUGFUT", "lot_size": 1, "instrument_token": 55483143, "strike": 0.0, "segment": "MCX-FUT", "exchange_token": "216731"}, "CASTORSEED20MARFUT": {"instrument_type": "FUT", "tick_size": 1.0, "name": "CASTORSEED", "exchange": "MCX", "last_price": 0.0, "expiry": "2020-03-20", "tradingsymbol": "CASTORSEED20MARFUT", "lot_size": 1, "instrument_token": 55596295, "strike": 0.0, "segment": "MCX-FUT", "exchange_token": "217173"}, "PEPPER20MAYFUT": {"instrument_type": "FUT", "tick_size": 5.0, "name": "PEPPER", "exchange": "MCX", "last_price": 0.0, "expiry": "2020-05-20", "tradingsymbol": "PEPPER20MAYFUT", "lot_size": 1, "instrument_token": 55754759, "strike": 0.0, "segment": "MCX-FUT", "exchange_token": "217792"}, "COTTON20JUNFUT": {"instrument_type": "FUT", "tick_size": 10.0, "name": "COTTON", "exchange": "MCX", "last_price": 0.0, "expiry": "2020-06-30", "tradingsymbol": "COTTON20JUNFUT", "lot_size": 1, "instrument_token": 55717127, "strike": 0.0, "segment": "MCX-FUT", "exchange_token": "217645"}, "SILVERMAR20JUL20FUT": {"instrument_type": "FUT", "tick_size": 1.0, "name": "SILVER", "exchange": "MCX", "last_price": 0.0, "expiry": "2020-03-05", "tradingsymbol": "SILVERMAR20JUL20FUT", "lot_size": 1, "instrument_token": 55678215, "strike": 0.0, "segment": "MCX-FUT", "exchange_token": "217493"}, "SILVERMAPR20JUN20FUT": {"instrument_type": "FUT", "tick_size": 1.0, "name": "SILVERM", "exchange": "MCX", "last_price": 0.0, "expiry": "2020-04-30", "tradingsymbol": "SILVERMAPR20JUN20FUT", "lot_size": 1, "instrument_token": 55652615, "strike": 0.0, "segment": "MCX-FUT", "exchange_token": "217393"}, "CRUDEOIL20MARFUT": {"instrument_type": "FUT", "tick_size": 1.0, "name": "CRUDEOIL", "exchange": "MCX", "last_price": 0.0, "expiry": "2020-03-19", "tradingsymbol": "CRUDEOIL20MARFUT", "lot_size": 1, "instrument_token": 55506951, "strike": 0.0, "segment": "MCX-FUT", "exchange_token": "216824"}, "ZINC20MAYFUT": {"instrument_type": "FUT", "tick_size": 0.05, "name": "ZINC", "exchange": "MCX", "last_price": 0.0, "expiry": "2020-05-29", "tradingsymbol": "ZINC20MAYFUT", "lot_size": 1, "instrument_token": 55714567, "strike": 0.0, "segment": "MCX-FUT", "exchange_token": "217635"}, "GOLD21FEBFUT": {"instrument_type": "FUT", "tick_size": 1.0, "name": "GOLD", "exchange": "MCX", "last_price": 0.0, "expiry": "2021-02-05", "tradingsymbol": "GOLD21FEBFUT", "lot_size": 1, "instrument_token": 55851015, "strike": 0.0, "segment": "MCX-FUT", "exchange_token": "218168"}, "CRUDEOILMAR20APR20FUT": {"instrument_type": "FUT", "tick_size": 1.0, "name": "CRUDEOIL", "exchange": "MCX", "last_price": 0.0, "expiry": "2020-03-19", "tradingsymbol": "CRUDEOILMAR20APR20FUT", "lot_size": 1, "instrument_token": 55757063, "strike": 0.0, "segment": "MCX-FUT", "exchange_token": "217801"}, "CASTORSEED20APRFUT": {"instrument_type": "FUT", "tick_size": 1.0, "name": "CASTORSEED", "exchange": "MCX", "last_price": 0.0, "expiry": "2020-04-20", "tradingsymbol": "CASTORSEED20APRFUT", "lot_size": 1, "instrument_token": 55782407, "strike": 0.0, "segment": "MCX-FUT", "exchange_token": "217900"}, "RBDPMOLEIN20FEBFUT": {"instrument_type": "FUT", "tick_size": 0.1, "name": "RBDPMOLEIN", "exchange": "MCX", "last_price": 0.0, "expiry": "2020-02-28", "tradingsymbol": "RBDPMOLEIN20FEBFUT", "lot_size": 1, "instrument_token": 55596807, "strike": 0.0, "segment": "MCX-FUT", "exchange_token": "217175"}, "GOLDAPR20AUG20FUT": {"instrument_type": "FUT", "tick_size": 1.0, "name": "GOLD", "exchange": "MCX", "last_price": 0.0, "expiry": "2020-04-03", "tradingsymbol": "GOLDAPR20AUG20FUT", "lot_size": 1, "instrument_token": 55845895, "strike": 0.0, "segment": "MCX-FUT", "exchange_token": "218148"}, "CPO20FEBFUT": {"instrument_type": "FUT", "tick_size": 0.1, "name": "CPO", "exchange": "MCX", "last_price": 0.0, "expiry": "2020-02-28", "tradingsymbol": "CPO20FEBFUT", "lot_size": 1, "instrument_token": 55531271, "strike": 0.0, "segment": "MCX-FUT", "exchange_token": "216919"}, "CASTORSEED20MAYFUT": {"instrument_type": "FUT", "tick_size": 1.0, "name": "CASTORSEED", "exchange": "MCX", "last_price": 0.0, "expiry": "2020-05-20", "tradingsymbol": "CASTORSEED20MAYFUT", "lot_size": 1, "instrument_token": 55782663, "strike": 0.0, "segment": "MCX-FUT", "exchange_token": "217901"}, "COTTONREF20JULFUT": {"instrument_type": "FUT", "tick_size": 10.0, "name": "COTTONREF", "exchange": "MCX", "last_price": 0.0, "expiry": "2020-07-31", "tradingsymbol": "COTTONREF20JULFUT", "lot_size": 1, "instrument_token": 55804935, "strike": 0.0, "segment": "MCX-FUT", "exchange_token": "217988"}, "CRUDEOIL20JULFUT": {"instrument_type": "FUT", "tick_size": 1.0, "name": "CRUDEOIL", "exchange": "MCX", "last_price": 0.0, "expiry": "2020-07-20", "tradingsymbol": "CRUDEOIL20JULFUT", "lot_size": 1, "instrument_token": 55757831, "strike": 0.0, "segment": "MCX-FUT", "exchange_token": "217804"}, "GOLDGUINEA20APRFUT": {"instrument_type": "FUT", "tick_size": 1.0, "name": "GOLDGUINEA", "exchange": "MCX", "last_price": 0.0, "expiry": "2020-04-30", "tradingsymbol": "GOLDGUINEA20APRFUT", "lot_size": 1, "instrument_token": 55715079, "strike": 0.0, "segment": "MCX-FUT", "exchange_token": "217637"}, "SILVERMFEB20JUN20FUT": {"instrument_type": "FUT", "tick_size": 1.0, "name": "SILVERM", "exchange": "MCX", "last_price": 0.0, "expiry": "2020-02-28", "tradingsymbol": "SILVERMFEB20JUN20FUT", "lot_size": 1, "instrument_token": 55652359, "strike": 0.0, "segment": "MCX-FUT", "exchange_token": "217392"}, "GOLDGUINEA20FEBFUT": {"instrument_type": "FUT", "tick_size": 1.0, "name": "GOLDGUINEA", "exchange": "MCX", "last_price": 0.0, "expiry": "2020-02-28", "tradingsymbol": "GOLDGUINEA20FEBFUT", "lot_size": 1, "instrument_token": 55596551, "strike": 0.0, "segment": "MCX-FUT", "exchange_token": "217174"}, "NICKEL20FEBFUT": {"instrument_type": "FUT", "tick_size": 0.1, "name": "NICKEL", "exchange": "MCX", "last_price": 0.0, "expiry": "2020-02-28", "tradingsymbol": "NICKEL20FEBFUT", "lot_size": 1, "instrument_token": 55529735, "strike": 0.0, "segment": "MCX-FUT", "exchange_token": "216913"}, "ZINCMINI20APRFUT": {"instrument_type": "FUT", "tick_size": 0.05, "name": "ZINCMINI", "exchange": "MCX", "last_price": 0.0, "expiry": "2020-04-30", "tradingsymbol": "ZINCMINI20APRFUT", "lot_size": 1, "instrument_token": 55654407, "strike": 0.0, "segment": "MCX-FUT", "exchange_token": "217400"}, "KAPAS20FEBFUT": {"instrument_type": "FUT", "tick_size": 0.5, "name": "KAPAS", "exchange": "MCX", "last_price": 0.0, "expiry": "2020-02-28", "tradingsymbol": "KAPAS20FEBFUT", "lot_size": 1, "instrument_token": 55521287, "strike": 0.0, "segment": "MCX-FUT", "exchange_token": "216880"}, "ALUMINIUM20MAYFUT": {"instrument_type": "FUT", "tick_size": 0.05, "name": "ALUMINIUM", "exchange": "MCX", "last_price": 0.0, "expiry": "2020-05-29", "tradingsymbol": "ALUMINIUM20MAYFUT", "lot_size": 1, "instrument_token": 55714823, "strike": 0.0, "segment": "MCX-FUT", "exchange_token": "217636"}, "GOLDPETAL20APRFUT": {"instrument_type": "FUT", "tick_size": 1.0, "name": "GOLDPETAL", "exchange": "MCX", "last_price": 0.0, "expiry": "2020-04-30", "tradingsymbol": "GOLDPETAL20APRFUT", "lot_size": 1, "instrument_token": 55715591, "strike": 0.0, "segment": "MCX-FUT", "exchange_token": "217639"}, "NICKEL20JUNFUT": {"instrument_type": "FUT", "tick_size": 0.1, "name": "NICKEL", "exchange": "MCX", "last_price": 0.0, "expiry": "2020-06-30", "tradingsymbol": "NICKEL20JUNFUT", "lot_size": 1, "instrument_token": 55803399, "strike": 0.0, "segment": "MCX-FUT", "exchange_token": "217982"}, "CPO20APRFUT": {"instrument_type": "FUT", "tick_size": 0.1, "name": "CPO", "exchange": "MCX", "last_price": 0.0, "expiry": "2020-04-30", "tradingsymbol": "CPO20APRFUT", "lot_size": 1, "instrument_token": 55652871, "strike": 0.0, "segment": "MCX-FUT", "exchange_token": "217394"}, "NICKEL20MAYFUT": {"instrument_type": "FUT", "tick_size": 0.1, "name": "NICKEL", "exchange": "MCX", "last_price": 0.0, "expiry": "2020-05-29", "tradingsymbol": "NICKEL20MAYFUT", "lot_size": 1, "instrument_token": 55717895, "strike": 0.0, "segment": "MCX-FUT", "exchange_token": "217648"}, "COTTON20JULFUT": {"instrument_type": "FUT", "tick_size": 10.0, "name": "COTTON", "exchange": "MCX", "last_price": 0.0, "expiry": "2020-07-31", "tradingsymbol": "COTTON20JULFUT", "lot_size": 1, "instrument_token": 55804423, "strike": 0.0, "segment": "MCX-FUT", "exchange_token": "217986"}, "COTTONFEB20APR20FUT": {"instrument_type": "FUT", "tick_size": 10.0, "name": "COTTON", "exchange": "MCX", "last_price": 0.0, "expiry": "2020-02-28", "tradingsymbol": "COTTONFEB20APR20FUT", "lot_size": 1, "instrument_token": 55805703, "strike": 0.0, "segment": "MCX-FUT", "exchange_token": "217991"}, "CARDAMOM20JULFUT": {"instrument_type": "FUT", "tick_size": 0.1, "name": "CARDAMOM", "exchange": "MCX", "last_price": 0.0, "expiry": "2020-07-15", "tradingsymbol": "CARDAMOM20JULFUT", "lot_size": 1, "instrument_token": 55851271, "strike": 0.0, "segment": "MCX-FUT", "exchange_token": "218169"}, "COTTON20MARFUT": {"instrument_type": "FUT", "tick_size": 10.0, "name": "COTTON", "exchange": "MCX", "last_price": 0.0, "expiry": "2020-03-31", "tradingsymbol": "COTTON20MARFUT", "lot_size": 1, "instrument_token": 55531015, "strike": 0.0, "segment": "MCX-FUT", "exchange_token": "216918"}, "SILVERMIC20AUGFUT": {"instrument_type": "FUT", "tick_size": 1.0, "name": "SILVERMIC", "exchange": "MCX", "last_price": 0.0, "expiry": "2020-08-31", "tradingsymbol": "SILVERMIC20AUGFUT", "lot_size": 1, "instrument_token": 55655943, "strike": 0.0, "segment": "MCX-FUT", "exchange_token": "217406"}, "CRUDEOILMAR20MAY20FUT": {"instrument_type": "FUT", "tick_size": 1.0, "name": "CRUDEOIL", "exchange": "MCX", "last_price": 0.0, "expiry": "2020-03-19", "tradingsymbol": "CRUDEOILMAR20MAY20FUT", "lot_size": 1, "instrument_token": 55875847, "strike": 0.0, "segment": "MCX-FUT", "exchange_token": "218265"}, "ZINCMINI20MARFUT": {"instrument_type": "FUT", "tick_size": 0.05, "name": "ZINCMINI", "exchange": "MCX", "last_price": 0.0, "expiry": "2020-03-31", "tradingsymbol": "ZINCMINI20MARFUT", "lot_size": 1, "instrument_token": 55594759, "strike": 0.0, "segment": "MCX-FUT", "exchange_token": "217167"}, "COTTONFEB20MAR20FUT": {"instrument_type": "FUT", "tick_size": 10.0, "name": "COTTON", "exchange": "MCX", "last_price": 0.0, "expiry": "2020-02-28", "tradingsymbol": "COTTONFEB20MAR20FUT", "lot_size": 1, "instrument_token": 55716103, "strike": 0.0, "segment": "MCX-FUT", "exchange_token": "217641"}, "GOLDM20MAYFUT": {"instrument_type": "FUT", "tick_size": 1.0, "name": "GOLDM", "exchange": "MCX", "last_price": 0.0, "expiry": "2020-05-05", "tradingsymbol": "GOLDM20MAYFUT", "lot_size": 1, "instrument_token": 55845639, "strike": 0.0, "segment": "MCX-FUT", "exchange_token": "218147"}, "CASTORSEED20JUNFUT": {"instrument_type": "FUT", "tick_size": 1.0, "name": "CASTORSEED", "exchange": "MCX", "last_price": 0.0, "expiry": "2020-06-19", "tradingsymbol": "CASTORSEED20JUNFUT", "lot_size": 1, "instrument_token": 55804167, "strike": 0.0, "segment": "MCX-FUT", "exchange_token": "217985"}, "MENTHAOIL20MARFUT": {"instrument_type": "FUT", "tick_size": 0.1, "name": "MENTHAOIL", "exchange": "MCX", "last_price": 0.0, "expiry": "2020-03-31", "tradingsymbol": "MENTHAOIL20MARFUT", "lot_size": 1, "instrument_token": 55530759, "strike": 0.0, "segment": "MCX-FUT", "exchange_token": "216917"}, "CARDAMOM20JUNFUT": {"instrument_type": "FUT", "tick_size": 0.1, "name": "CARDAMOM", "exchange": "MCX", "last_price": 0.0, "expiry": "2020-06-15", "tradingsymbol": "CARDAMOM20JUNFUT", "lot_size": 1, "instrument_token": 55755527, "strike": 0.0, "segment": "MCX-FUT", "exchange_token": "217795"}, "RBDPMOLEIN20MAYFUT": {"instrument_type": "FUT", "tick_size": 0.1, "name": "RBDPMOLEIN", "exchange": "MCX", "last_price": 0.0, "expiry": "2020-05-29", "tradingsymbol": "RBDPMOLEIN20MAYFUT", "lot_size": 1, "instrument_token": 55803911, "strike": 0.0, "segment": "MCX-FUT", "exchange_token": "217984"}, "GOLDPETAL20MAYFUT": {"instrument_type": "FUT", "tick_size": 1.0, "name": "GOLDPETAL", "exchange": "MCX", "last_price": 0.0, "expiry": "2020-05-29", "tradingsymbol": "GOLDPETAL20MAYFUT", "lot_size": 1, "instrument_token": 55802631, "strike": 0.0, "segment": "MCX-FUT", "exchange_token": "217979"}, "GOLDMAPR20MAY20FUT": {"instrument_type": "FUT", "tick_size": 1.0, "name": "GOLDM", "exchange": "MCX", "last_price": 0.0, "expiry": "2020-04-03", "tradingsymbol": "GOLDMAPR20MAY20FUT", "lot_size": 1, "instrument_token": 55846663, "strike": 0.0, "segment": "MCX-FUT", "exchange_token": "218151"}}, "relations": {"GOLDPETAL": ["GOLDPETAL20FEBFUT", "GOLDPETAL20MARFUT", "GOLDPETAL20APRFUT", "GOLDPETAL20MAYFUT"], "GOLD": ["GOLD20APRFUT", "GOLD20JUNFUT", "GOLD20AUGFUT", "GOLD20OCTFUT", "GOLD20DECFUT", "GOLD21FEBFUT"], "CPO": ["CPO20FEBFUT", "CPO20MARFUT", "CPO20APRFUT", "CPO20MAYFUT", "CPO20JUNFUT"], "GOLDMAPR": ["GOLDMAPR20MAY20FUT"], "CPOMAR": ["CPOMAR20APR20FUT"], "GOLDGUINEA": ["GOLDGUINEA20FEBFUT", "GOLDGUINEA20MARFUT", "GOLDGUINEA20APRFUT", "GOLDGUINEA20MAYFUT"], "GOLDMMAR": ["GOLDMMAR20APR20FUT", "GOLDMMAR20MAY20FUT"], "ZINC": ["ZINC20MAYFUT"], "NATURALGAS": ["NATURALGAS20FEBFUT", "NATURALGAS20MARFUT", "NATURALGAS20APRFUT"], "GOLDJUN": ["GOLDJUN20AUG20FUT"], "SILVERM": ["SILVERM20FEBFUT", "SILVERM20APRFUT", "SILVERM20JUNFUT", "SILVERM20AUGFUT", "SILVERM20NOVFUT"], "SILVERMIC": ["SILVERMIC20FEBFUT", "SILVERMIC20APRFUT", "SILVERMIC20JUNFUT", "SILVERMIC20AUGFUT"], "ALUMINIUM": ["ALUMINIUM20MAYFUT"], "SILVERMAR": ["SILVERMAR20JUL20FUT", "SILVERMAR20MAY20FUT"], "COTTONREF": ["COTTONREF20FEBFUT", "COTTONREF20MARFUT", "COTTONREF20APRFUT", "COTTONREF20MAYFUT", "COTTONREF20JUNFUT", "COTTONREF20JULFUT"], "COTTONFEB": ["COTTONFEB20APR20FUT", "COTTONFEB20MAR20FUT"], "SILVER": ["SILVER20MARFUT", "SILVER20MAYFUT", "SILVER20JULFUT", "SILVER20SEPFUT", "SILVER20DECFUT"], "LEADMINI": ["LEADMINI20FEBFUT", "LEADMINI20MARFUT", "LEADMINI20APRFUT"], "ZINCMINI": ["ZINCMINI20FEBFUT", "ZINCMINI20MARFUT", "ZINCMINI20APRFUT"], "KAPAS": ["KAPAS20FEBFUT", "KAPAS20APRFUT", "KAPAS20NOVFUT", "KAPAS21FEBFUT"], "RBDPMOLEIN": ["RBDPMOLEIN20FEBFUT", "RBDPMOLEIN20MARFUT", "RBDPMOLEIN20APRFUT", "RBDPMOLEIN20MAYFUT"], "ALUMINI": ["ALUMINI20FEBFUT", "ALUMINI20MARFUT", "ALUMINI20APRFUT"], "SILVERMAY": ["SILVERMAY20JUL20FUT"], "COPPER": ["COPPER20FEBFUT", "COPPER20MARFUT", "COPPER20APRFUT", "COPPER20MAYFUT", "COPPER20JUNFUT"], "PEPPER": ["PEPPER20MARFUT", "PEPPER20APRFUT", "PEPPER20MAYFUT", "PEPPER20JUNFUT"], "NICKEL": ["NICKEL20FEBFUT", "NICKEL20MARFUT", "NICKEL20APRFUT", "NICKEL20MAYFUT", "NICKEL20JUNFUT"], "CRUDEOIL": ["CRUDEOIL20MARFUT", "CRUDEOIL20APRFUT", "CRUDEOIL20MAYFUT", "CRUDEOIL20JUNFUT", "CRUDEOIL20JULFUT", "CRUDEOIL20AUGFUT"], "CARDAMOM": ["CARDAMOM20MARFUT", "CARDAMOM20APRFUT", "CARDAMOM20MAYFUT", "CARDAMOM20JUNFUT", "CARDAMOM20JULFUT"], "GOLDM": ["GOLDM20MARFUT", "GOLDM20APRFUT", "GOLDM20MAYFUT"], "SILVERMFEB": ["SILVERMFEB20APR20FUT", "SILVERMFEB20JUN20FUT"], "CPOFEB": ["CPOFEB20APR20FUT", "CPOFEB20MAR20FUT"], "GOLDAPR": ["GOLDAPR20AUG20FUT", "GOLDAPR20JUN20FUT"], "CRUDEOILMAR": ["CRUDEOILMAR20APR20FUT", "CRUDEOILMAR20MAY20FUT"], "COTTON": ["COTTON20FEBFUT", "COTTON20MARFUT", "COTTON20APRFUT", "COTTON20MAYFUT", "COTTON20JUNFUT", "COTTON20JULFUT"], "COTTONMAR": ["COTTONMAR20APR20FUT"], "CRUDEOILAPR": ["CRUDEOILAPR20MAY20FUT"], "LEAD": ["LEAD20MAYFUT"], "CASTORSEED": ["CASTORSEED20MARFUT", "CASTORSEED20APRFUT", "CASTORSEED20MAYFUT", "CASTORSEED20JUNFUT"], "MENTHAOIL": ["MENTHAOIL20FEBFUT", "MENTHAOIL20MARFUT", "MENTHAOIL20APRFUT", "MENTHAOIL20MAYFUT"], "SILVERMAPR": ["SILVERMAPR20JUN20FUT"]}}